Time,MeanVel,MinVel,MaxVel
0.00000000000000E+00000, 0.76000000000000E+00002, 0.76000000000000E+00002, 0.76000000000000E+00002
